date,age,country,gender
2020-04-24 06:37:37.221,39,NG,Female
2020-07-12 00:10:47.046,48,CN,Male
2020-08-11 07:00:13.335,29,BA,Female
2020-02-21 01:44:59.066,40,ES,Female
2020-02-08 18:03:59.172,48,CO,Female
2020-05-04 19:10:36.963,37,IL,Male
2020-04-22 13:30:25.823,34,RU,Male
2020-05-16 09:40:27.777,34,RU,Male
2020-03-11 11:00:13.459,39,NG,Female
2020-07-04 00:01:55.235,20,MY,Female
2020-02-11 14:54:19.454,19,BY,Female
2020-08-08 07:18:33.415,32,CN,Female
2020-09-26 10:50:56.728,34,PL,Male
2020-03-23 14:40:38.717,43,FR,Male
2020-04-16 06:28:02.777,43,FR,Male
2020-04-29 00:46:55.309,46,CN,Female
2020-02-10 08:36:21.556,46,CN,Female
2020-08-23 07:21:08.583,42,CN,Male
2020-06-12 05:34:27.759,42,CN,Male
2020-05-27 18:28:07.836,40,BR,Female
2020-07-01 19:41:46.795,40,BR,Female
2020-01-19 08:56:22.336,22,CN,Female
2020-05-11 13:01:50.942,18,HN,Male
2020-06-10 19:16:26.071,18,HN,Male
2020-10-24 13:05:33.632,18,HN,Male
2020-04-06 22:56:26.356,19,NL,Female
2020-01-28 18:49:54.686,19,NL,Female
2020-07-30 03:46:23.249,25,MW,Female
2020-08-29 07:50:52.979,39,ZA,Male
2020-02-13 04:26:05.610,42,SD,Female
2020-02-27 05:28:48.254,42,SD,Female
2020-10-05 19:07:20.145,42,SD,Female
2020-03-14 07:21:02.954,48,CO,Female
2020-01-30 13:58:29.282,48,CO,Female
2020-07-30 05:35:10.210,48,CO,Female
2020-01-23 16:16:51.302,37,IL,Male
2020-06-27 12:46:31.845,46,HT,Female
2020-05-06 12:38:07.347,35,CL,Male
2020-07-09 08:55:49.906,35,CN,Female
2020-03-19 02:38:19.102,35,CN,Female
2020-02-18 06:23:01.855,26,GB,Male
2020-04-24 18:12:07.785,47,GR,Female
2020-01-20 23:07:24.701,47,GR,Female
2020-07-01 20:06:43.989,47,GR,Female
2020-09-09 15:35:15.911,47,GR,Female
2020-05-07 07:03:33.541,47,GR,Female
2020-06-01 15:32:57.596,34,RU,Male
2020-01-19 11:24:05.368,34,RU,Male
2020-02-24 15:12:53.141,44,PH,Female
2020-06-29 11:52:03.617,44,PH,Female
2020-06-16 00:06:30.082,50,MY,Female
2020-08-04 05:28:19.340,50,MY,Female
2020-02-25 21:08:52.468,42,JP,Male
2020-01-15 02:49:32.263,42,JP,Male
2020-03-09 02:08:36.676,25,NG,Male
2020-06-01 00:46:26.976,25,NG,Male
2020-04-04 13:30:08.264,27,UZ,Male
2020-01-04 10:32:54.833,27,UZ,Male
2020-05-23 07:33:11.126,36,MN,Male
2020-02-13 04:09:21.761,41,HU,Male
2020-01-03 06:11:22.560,41,HU,Male
2020-01-25 09:13:42.174,38,PT,Male
2020-03-09 16:03:19.320,21,CN,Female
2020-01-02 21:14:25.245,21,CN,Female
2020-01-17 02:51:04.067,21,AM,Male
2020-03-08 13:00:57.525,21,AM,Male
2020-05-22 18:07:27.320,26,ID,Male
2020-04-20 05:29:25.143,48,BR,Female
2020-08-29 13:31:22.196,50,RU,Male
2020-02-05 16:57:31.791,49,JP,Female
2020-02-25 12:32:30.367,49,JP,Female
2020-07-25 05:10:07.261,26,RU,Male
2020-01-17 06:57:56.037,26,RU,Male
2020-09-12 00:21:03.166,26,RU,Male
2020-09-18 18:24:14.145,26,RU,Male
2020-01-13 20:41:10.591,47,CN,Female
2020-07-14 06:59:25.071,47,CN,Female
2020-09-21 11:49:37.533,47,CN,Female
2020-05-28 18:04:57.143,41,PH,Female
2020-05-12 00:47:22.552,21,VN,Male
2020-01-31 10:30:20.486,42,SE,Female
2020-10-14 10:47:40.008,19,CN,Female
2020-01-16 02:24:19.496,19,CN,Female
2020-10-03 06:00:06.736,23,FR,Male
2020-01-16 21:32:59.650,38,LC,Male
2020-07-31 01:13:23.590,38,LC,Male
2020-02-21 08:34:01.690,36,RU,Male
2020-07-22 17:29:26.738,44,CZ,Female
2020-05-10 04:58:31.922,34,CN,Female
2020-09-13 19:43:08.286,34,CN,Female
2020-04-23 22:20:47.675,38,CN,Male
2020-08-05 11:03:20.696,20,VN,Male
2020-01-06 10:57:56.256,28,CN,Male
2020-09-06 23:37:46.603,28,CN,Male
2020-07-20 01:47:04.568,28,CN,Male
2020-08-27 22:49:47.211,28,CN,Male
2020-07-12 17:36:23.066,28,CN,Male
2020-03-16 19:11:45.270,28,CN,Male
2020-05-05 14:16:01.053,28,CN,Male
2020-03-31 03:06:36.441,46,PL,Female
2020-03-18 00:06:29.809,27,ID,Male
2020-10-09 10:02:44.555,27,ID,Male
2020-04-04 21:43:10.169,42,CN,Male
2020-08-13 10:29:05.207,27,SE,Male
2020-10-10 18:55:59.618,48,RU,Male
2020-08-12 14:11:36.276,37,PH,Male
2020-09-17 12:56:49.258,25,ML,Male
2020-07-26 19:49:05.851,19,IR,Male
2020-01-08 20:30:58.465,19,CA,Male
2020-08-29 09:42:33.955,43,NG,Male
2020-01-14 08:58:11.159,36,RU,Male
2020-08-13 12:58:39.628,46,PH,Male
2020-01-23 01:13:11.821,46,PH,Male
2020-02-07 05:45:54.815,46,PH,Male
2020-05-20 01:40:07.359,46,PH,Male
2020-06-30 03:19:09.711,46,PH,Male
2020-06-15 12:30:28.848,46,PH,Male
2020-05-20 22:08:25.096,41,IE,Male
2020-07-30 20:45:50.626,41,IE,Male
2020-08-23 16:53:52.369,39,HN,Female
2020-02-03 15:14:42.883,39,HN,Female
2020-05-01 00:55:04.387,39,HN,Female
2020-01-30 15:22:06.629,39,HN,Female
2020-02-09 05:39:08.727,26,PL,Female
2020-09-17 19:53:57.259,21,CN,Female
2020-10-01 12:40:17.411,44,BZ,Female
2020-09-21 18:04:22.887,44,BZ,Female
2020-01-13 13:47:10.715,39,CN,Male
2020-07-24 13:57:41.622,49,SE,Female
2020-09-16 15:21:48.005,49,SE,Female
2020-09-19 06:12:18.487,39,RU,Male
2020-08-05 00:38:19.046,37,CD,Female
2020-10-20 17:02:13.169,32,CZ,Female
2020-06-08 04:54:51.266,32,CZ,Female
2020-04-03 05:55:37.664,36,GT,Male
2020-01-29 11:27:01.444,49,RU,Male
2020-06-02 20:12:38.580,48,ET,Male
2020-05-12 16:42:36.129,46,CN,Male
2020-01-11 03:46:15.695,46,CN,Male
2020-01-19 14:29:17.696,33,ID,Female
2020-02-21 03:09:35.085,33,ID,Female
2020-09-25 10:42:34.034,33,ID,Female
2020-02-16 11:27:07.166,41,PL,Female
2020-02-01 21:20:49.927,41,PL,Female
2020-01-15 17:50:55.770,46,SE,Male
2020-05-16 12:42:20.813,22,BR,Female
2020-10-04 08:00:32.888,31,TH,Female
2020-09-07 20:55:01.499,29,GR,Female
2020-09-13 04:34:52.722,23,UZ,Female
2020-02-02 06:47:09.180,23,UZ,Female
2020-09-19 17:27:02.896,35,HR,Male
2020-01-11 08:58:17.502,37,ID,Male
2020-07-24 01:10:20.775,19,PT,Female
2020-01-04 17:11:07.352,19,PT,Female
2020-10-26 22:11:52.899,47,CN,Male
2020-10-26 13:23:20.634,40,RU,Male
2020-09-08 08:44:17.948,33,US,Female
2020-01-09 12:06:07.612,33,US,Female
2020-08-02 15:40:25.090,33,US,Female
2020-10-23 16:17:09.892,29,YE,Male
2020-05-28 20:00:35.210,29,YE,Male
2020-02-24 00:28:11.847,25,CN,Male
2020-05-21 16:16:15.417,33,ID,Male
2020-08-05 13:02:31.082,33,ID,Male
2020-01-15 18:15:29.121,33,ID,Male
2020-01-10 01:28:57.316,25,US,Female
2020-06-20 18:47:35.478,25,US,Female
2020-01-10 12:38:33.125,23,ID,Male
2020-08-31 23:01:42.386,44,RU,Female
2020-01-28 04:19:09.117,36,MX,Male
2020-03-01 18:10:43.079,50,ID,Male
2020-08-06 09:24:35.476,50,ID,Male
2020-08-29 04:29:05.743,26,BR,Male
2020-10-17 16:20:28.238,21,VE,Female
2020-05-19 03:44:49.704,41,ID,Female
2020-04-04 13:07:05.591,41,ID,Female
2020-04-10 13:01:52.007,33,GT,Female
2020-05-23 13:16:44.268,33,GT,Female
2020-09-26 07:49:07.497,50,CN,Male
2020-06-20 18:25:30.004,48,ID,Male
2020-10-09 08:31:52.595,46,FR,Male
2020-09-29 19:18:28.874,46,FR,Male
2020-01-14 18:18:59.299,33,UA,Male
2020-01-18 16:16:36.169,33,UA,Male
2020-08-26 22:02:46.091,40,MX,Male
2020-05-20 04:41:11.095,40,CN,Male
2020-04-07 01:16:49.235,40,CN,Male
2020-10-01 13:26:33.171,49,CN,Male
2020-01-16 15:04:49.174,49,CN,Male
2020-01-17 06:13:30.398,49,CN,Male
2020-01-22 02:37:54.178,32,MU,Male
2020-02-29 12:17:59.220,32,MU,Male
2020-08-18 21:27:21.399,39,RU,Male
2020-05-15 22:21:33.070,39,RU,Male
2020-07-17 06:44:46.387,27,FR,Male
2020-06-16 07:56:36.726,19,PL,Female
2020-09-22 22:54:49.051,38,RU,Female
2020-04-11 16:14:05.588,32,ID,Male
2020-05-10 05:38:56.114,32,ID,Male
2020-09-11 01:47:08.717,27,TH,Female
2020-06-28 05:16:37.751,37,PT,Female
2020-09-06 13:46:24.618,37,PT,Female
2020-06-06 22:40:52.413,18,HR,Female
2020-08-27 13:32:22.575,40,PL,Male
2020-03-12 18:39:53.617,40,PL,Male
2020-08-24 06:35:51.093,44,CO,Male
2020-08-04 04:00:36.581,40,AT,Male
2020-03-30 19:48:57.771,40,AT,Male
2020-06-16 21:56:18.306,50,CO,Male
2020-01-13 08:55:44.331,50,CO,Male
2020-09-08 14:46:29.587,49,CN,Female
2020-04-17 23:53:51.497,46,PT,Male
2020-03-02 00:15:49.347,18,HR,Female
2020-08-29 10:50:48.646,25,RU,Female
2020-03-01 01:47:17.279,26,ID,Female
2020-08-04 23:44:07.822,26,ID,Female
2020-06-28 19:24:51.916,40,PE,Female
2020-02-13 22:59:17.234,46,ID,Female
2020-03-06 05:02:13.656,18,ID,Female
2020-07-02 09:12:05.353,46,CL,Female
2020-06-12 04:51:57.867,40,IL,Female
2020-10-03 07:05:27.831,40,IL,Female
2020-03-27 07:51:10.868,40,IL,Female
2020-05-21 07:23:22.271,31,PL,Male
2020-05-01 02:17:07.603,28,CN,Female
2020-04-12 09:21:49.364,18,FR,Male
2020-06-06 08:17:32.277,18,FR,Male
2020-05-30 08:01:09.923,23,TH,Male
2020-10-13 00:33:16.473,29,JP,Male
2020-02-14 12:07:52.173,39,PT,Male
2020-05-26 19:46:24.174,39,PT,Male
2020-02-28 16:41:48.297,39,PT,Male
2020-08-15 12:43:15.911,31,ID,Female
2020-07-01 14:46:01.870,31,ID,Female
2020-06-16 14:36:37.897,25,HR,Male
2020-05-22 00:50:59.266,25,HR,Male
2020-03-06 22:26:41.731,25,HR,Male
2020-08-31 15:55:22.879,25,HR,Male
2020-03-22 09:16:32.049,25,HR,Male
2020-01-17 22:45:24.266,43,RU,Female
2020-09-25 11:27:42.966,43,RU,Female
2020-10-19 07:08:57.044,43,RU,Female
2020-08-03 01:58:34.626,47,CN,Male
2020-05-30 06:27:30.021,36,PL,Male
2020-05-03 02:19:02.828,47,CN,Male
2020-05-26 01:46:23.535,24,CN,Male
2020-07-08 23:39:47.510,41,RU,Female
2020-03-14 17:04:44.252,41,RU,Female
2020-02-25 21:50:39.095,41,RU,Female
2020-05-08 13:37:09.249,28,ES,Female
2020-07-30 06:03:20.682,41,CZ,Male
2020-09-29 15:37:49.399,41,CZ,Male
2020-05-16 08:37:27.757,49,CI,Female
2020-10-15 16:56:54.587,44,ID,Male
2020-09-09 04:34:23.272,28,LT,Male
2020-01-07 04:50:02.834,28,LT,Male
2020-04-08 06:32:29.883,28,LT,Male
2020-08-01 06:36:38.385,47,RU,Male
2020-09-30 19:23:30.562,32,PE,Male
2020-09-13 15:11:40.397,41,NI,Female
2020-03-31 05:26:52.577,41,NI,Female
2020-05-30 08:49:31.387,24,CN,Female
2020-04-25 03:04:02.395,40,NO,Female
2020-04-05 10:44:20.970,50,SE,Female
2020-06-30 00:35:37.617,27,FR,Male
2020-05-17 08:13:37.394,26,RU,Female
2020-04-19 22:09:44.146,41,CN,Female
2020-07-11 07:57:02.357,29,CN,Male
2020-02-03 11:05:01.772,26,MN,Male
2020-08-22 01:43:01.075,26,MN,Male
2020-01-14 23:03:48.083,39,ID,Male
2020-07-22 14:05:02.001,18,ID,Female
2020-08-29 03:23:58.665,37,KN,Female
2020-09-24 04:46:53.094,37,KN,Female
2020-02-07 07:12:26.427,37,KN,Female
2020-07-28 17:26:10.334,28,RU,Female
2020-03-26 18:36:59.467,34,MY,Male
2020-02-27 11:56:17.736,34,MY,Male
2020-09-02 00:36:56.366,24,ID,Male
2020-08-03 07:22:14.634,20,BR,Male
2020-07-12 07:22:37.287,20,BR,Male
2020-03-18 20:18:07.943,31,TN,Female
2020-04-23 05:50:03.860,31,TN,Female
2020-09-01 17:37:37.575,34,TN,Male
2020-02-05 18:35:28.376,19,CA,Female
2020-08-04 09:18:59.001,19,CA,Female
2020-06-18 09:55:38.583,23,RU,Male
2020-09-19 00:58:07.795,23,RU,Male
2020-04-25 23:13:59.096,46,TH,Female
2020-04-18 10:54:33.110,46,TH,Female
2020-03-25 13:30:15.126,42,UA,Male
2020-06-28 23:48:29.184,42,UA,Male
2020-01-06 09:51:23.092,39,AU,Female
2020-07-19 00:50:52.608,39,AU,Female
2020-10-04 10:37:21.248,39,AU,Female
2020-10-12 10:49:55.878,39,AU,Female
2020-07-30 07:56:24.201,39,AU,Female
2020-03-24 13:06:02.091,21,DE,Female
2020-08-10 03:01:16.319,39,RU,Female
2020-05-08 17:55:39.127,33,GB,Female
2020-05-21 06:12:05.812,33,GB,Female
2020-01-05 02:07:09.211,28,GR,Female
2020-02-26 19:16:48.968,45,ID,Male
2020-07-08 05:36:59.887,45,ID,Male
2020-01-10 23:00:08.897,46,SE,Female
2020-07-20 23:18:18.019,48,PK,Male
2020-06-16 07:00:31.448,48,PK,Male
2020-04-03 03:33:41.427,44,PL,Female
2020-07-22 18:07:33.274,44,PL,Female
2020-03-01 18:26:38.185,44,PL,Female
2020-08-10 17:55:13.727,46,FR,Female
2020-09-08 00:13:26.564,20,NO,Female
2020-05-29 18:04:18.871,27,PH,Female
2020-08-10 10:52:36.171,31,MY,Female
2020-07-21 08:54:05.656,31,FR,Male
2020-10-05 03:51:01.616,32,ID,Male
2020-07-23 00:22:40.818,32,ID,Male
2020-04-20 03:15:42.192,42,ID,Female
2020-06-28 12:53:28.502,42,ID,Female
2020-06-26 08:28:12.041,46,VN,Male
2020-06-29 02:56:00.136,29,VN,Male
2020-02-11 16:53:36.116,21,CY,Female
2020-02-07 01:56:23.448,45,ID,Male
2020-04-01 22:06:49.780,45,ID,Male
2020-10-11 09:23:06.916,45,PH,Female
2020-02-11 22:01:28.035,31,BR,Male
2020-01-23 08:41:51.591,46,AF,Male
2020-09-30 23:28:40.774,40,CN,Female
2020-02-04 03:18:43.676,26,NO,Male
2020-02-09 18:53:59.712,26,NO,Male
2020-07-25 05:09:22.749,26,NO,Male
2020-03-13 09:14:28.415,22,AR,Male
2020-10-13 18:22:19.340,22,AR,Male
2020-09-06 12:47:09.834,28,CN,Female
2020-06-14 07:51:08.613,50,ID,Female
2020-06-01 03:24:06.404,50,ID,Female
2020-03-17 07:38:04.293,29,PT,Female
2020-06-07 14:12:53.536,49,BW,Female
2020-01-31 09:05:09.482,49,BW,Female
2020-05-20 08:33:48.574,49,BW,Female
2020-04-01 06:48:45.726,49,IE,Male
2020-02-04 08:34:36.156,29,CN,Female
2020-06-11 00:52:49.634,29,CN,Female
2020-10-22 18:19:04.833,41,CN,Male
2020-06-11 12:24:50.557,41,CN,Male
2020-03-17 15:16:11.993,33,PL,Male
2020-04-01 15:13:19.597,33,PL,Male
2020-08-30 20:08:11.057,48,CN,Female
2020-08-02 19:09:06.212,48,CN,Female
2020-03-06 22:59:31.852,30,CN,Male
2020-01-19 00:40:58.440,45,RU,Female
2020-01-14 13:37:37.147,23,AR,Female
2020-07-02 12:42:12.396,28,CN,Male
2020-10-01 05:49:01.436,20,UA,Female
2020-08-07 12:28:44.823,20,UA,Female
2020-10-15 07:17:13.374,20,UA,Female
2020-07-30 23:50:14.182,38,CN,Male
2020-02-24 20:06:43.361,38,CN,Male
2020-02-27 15:33:14.775,47,BR,Female
2020-08-02 15:00:06.410,37,CN,Male
2020-08-08 19:35:35.503,19,CN,Female
2020-08-29 16:52:30.397,19,CN,Female
2020-05-12 05:31:18.541,38,RU,Female
2020-02-24 18:15:13.253,36,AR,Male
2020-01-02 23:21:57.508,20,ES,Female
2020-03-06 11:49:48.246,20,ES,Female
2020-10-01 17:57:51.112,24,CN,Male
2020-01-26 09:43:51.206,26,CN,Male
2020-02-09 21:00:27.073,26,CN,Male
2020-01-16 14:30:19.388,26,CN,Male
2020-01-14 17:56:39.275,48,CN,Female
2020-01-02 17:14:05.946,48,CN,Female
2020-05-26 09:11:59.289,48,CN,Female
2020-01-10 20:10:01.811,42,BD,Male
2020-07-15 10:34:01.143,27,BR,Male
2020-03-10 10:23:59.891,39,TH,Male
2020-03-22 11:01:59.441,39,TH,Male
2020-07-20 05:04:27.608,41,PH,Female
2020-04-05 16:13:46.048,41,PH,Female
2020-05-21 12:53:55.149,19,ID,Male
2020-01-05 22:29:50.209,36,PY,Male
2020-04-04 02:33:53.419,36,PY,Male
2020-02-05 04:30:01.017,26,PL,Female
2020-05-26 06:14:57.905,26,PL,Female
2020-10-25 21:40:10.210,26,PL,Male
2020-01-24 20:49:35.010,26,PL,Male
2020-05-24 07:44:47.211,37,PH,Female
2020-07-15 22:46:15.345,37,PH,Female
2020-09-09 18:22:25.068,36,CO,Female
2020-05-03 06:33:29.480,37,FR,Male
2020-01-16 23:23:21.807,46,CN,Female
2020-05-30 15:02:27.704,32,CN,Male
2020-10-12 19:22:39.968,41,FR,Female
2020-09-08 20:06:32.753,41,FR,Female
2020-07-14 06:27:23.477,37,ID,Female
2020-07-02 15:11:01.592,37,ID,Female
2020-06-15 09:32:52.053,23,KM,Female
2020-10-20 21:08:34.646,47,FR,Female
2020-05-02 09:55:36.665,23,US,Male
2020-08-15 06:40:12.237,24,CN,Female
2020-07-19 19:04:08.191,24,CN,Female
2020-10-23 08:11:35.257,43,CL,Female
2020-04-06 11:29:15.833,25,PT,Female
2020-09-17 11:22:59.138,39,PL,Male
2020-04-07 02:48:28.805,39,PL,Male
2020-05-14 06:16:33.456,32,CL,Male
2020-10-08 12:51:44.208,38,ID,Male
2020-06-20 14:42:28.561,30,CN,Male
2020-04-26 03:45:35.070,30,CN,Male
2020-07-15 16:52:33.190,45,UA,Male
2020-07-30 16:46:52.666,45,UA,Male
2020-10-22 18:05:48.478,46,EE,Female
2020-01-18 05:07:30.062,46,EE,Female
2020-04-05 15:43:32.474,20,SE,Male
2020-05-25 13:10:01.160,41,CR,Female
2020-01-25 06:12:34.198,25,ID,Female
2020-01-02 12:38:34.920,25,ID,Female
2020-08-29 12:06:18.847,31,LK,Female
2020-01-19 10:26:31.256,49,CN,Female
2020-08-04 06:31:27.346,49,CN,Female
2020-09-15 06:01:03.299,30,VN,Female
2020-02-09 11:40:36.509,29,PL,Female
2020-06-12 15:16:53.090,37,NZ,Female
2020-02-15 23:13:07.644,37,NZ,Female
2020-10-03 15:34:43.063,36,ID,Female
2020-09-01 02:42:50.528,36,ID,Female
2020-02-24 23:53:20.686,40,TM,Female
2020-10-19 10:58:48.471,40,TM,Female
2020-03-29 15:01:21.376,40,TM,Female
2020-03-19 00:44:54.858,34,SE,Female
2020-06-26 16:04:03.555,34,SE,Female
2020-04-07 15:54:36.711,37,CA,Female
2020-05-13 18:41:14.846,37,CA,Female
2020-07-12 11:37:30.379,46,UA,Male
2020-07-30 16:34:11.811,39,ID,Female
2020-08-30 04:55:07.975,39,ID,Female
2020-02-13 06:20:50.374,45,ID,Female
2020-06-24 02:56:16.935,45,ID,Female
2020-08-23 01:11:52.658,39,CN,Male
2020-07-29 06:34:07.718,39,CN,Male
2020-10-09 21:51:39.633,29,PL,Male
2020-04-08 07:26:24.958,37,RU,Male
2020-10-10 00:02:35.062,19,AR,Female
2020-03-13 04:53:23.570,19,AR,Female
2020-03-19 23:36:32.795,28,RU,Female
2020-03-20 20:41:51.894,26,ID,Male
2020-08-14 18:07:30.836,18,CN,Male
2020-09-05 21:24:24.704,47,RU,Male
2020-07-18 00:05:01.572,24,MY,Female
2020-02-14 21:56:51.825,30,ID,Male
2020-06-22 12:44:32.991,25,AR,Male
2020-08-30 23:58:24.335,25,AR,Male
2020-05-17 04:43:18.451,39,AL,Female
2020-07-20 11:31:03.414,39,AL,Female
2020-03-22 11:22:46.690,47,PT,Female
2020-04-20 17:18:00.606,47,PT,Female
2020-05-25 22:33:17.389,26,CN,Male
2020-09-24 20:07:02.856,35,AR,Male
2020-04-26 19:57:19.070,28,SE,Male
2020-06-13 09:58:33.239,46,ID,Male
2020-07-26 03:19:41.830,23,CN,Male
2020-04-13 21:10:29.327,49,CN,Male
2020-01-15 03:21:39.912,45,FR,Male
2020-04-23 00:47:45.388,19,MX,Female
2020-02-14 04:48:26.499,36,ID,Female
2020-06-01 11:58:26.282,42,NG,Female
2020-08-23 03:39:30.530,42,PH,Male
2020-10-04 15:22:38.429,23,KR,Male
2020-07-16 08:42:49.905,23,KR,Male
2020-10-07 09:46:12.453,26,ID,Female
2020-03-17 19:11:32.938,38,RS,Female
2020-06-14 13:19:18.284,35,VN,Male
2020-06-07 22:34:57.721,41,ID,Male
2020-07-19 02:14:42.354,41,ID,Male
2020-06-18 19:19:05.959,20,MX,Female
2020-01-13 14:58:40.724,20,MX,Female
2020-10-18 13:20:44.924,39,LK,Female
2020-06-10 00:48:39.362,42,CN,Female
2020-08-29 14:05:57.684,42,CN,Female
2020-05-21 13:50:40.704,50,ID,Female
2020-05-31 13:16:22.416,50,ID,Female
2020-10-05 14:45:35.584,50,ID,Female
2020-06-17 10:57:26.338,38,FR,Male
2020-08-07 08:52:05.119,38,FR,Male
2020-07-21 14:38:20.260,35,CN,Male
2020-02-20 20:14:16.317,35,CN,Male
2020-08-30 21:01:18.330,29,FI,Male
2020-06-17 16:22:04.674,29,FI,Male
2020-06-22 07:36:20.452,29,FI,Male
2020-05-10 03:41:08.267,44,CM,Male
2020-02-24 20:50:26.468,34,NI,Female
2020-09-29 05:23:57.959,38,HR,Male
2020-04-18 17:01:21.523,38,HR,Male
2020-01-31 01:53:20.100,35,TZ,Female
2020-10-09 10:12:48.636,47,SE,Male
2020-09-01 07:27:14.955,31,NG,Female
2020-06-23 10:43:58.677,31,NG,Female
2020-02-22 21:23:51.692,34,CN,Female
2020-02-13 00:00:40.311,34,PH,Female
2020-09-11 16:27:29.606,34,PH,Female
2020-10-13 07:33:18.920,34,PH,Female
2020-08-09 22:36:35.233,48,CR,Male
2020-10-07 07:02:03.966,25,YE,Male
2020-10-16 17:29:55.231,29,RU,Male
2020-07-14 19:56:10.176,25,ZM,Male
2020-03-22 16:55:35.549,25,ZM,Male
2020-01-06 02:40:21.592,25,ZM,Male
2020-03-20 03:17:41.049,25,ZM,Male
2020-05-11 04:28:39.087,19,FR,Male
2020-03-31 17:31:59.144,19,FR,Male
2020-10-09 18:42:21.152,28,CO,Male
2020-06-24 09:37:55.172,28,CO,Male
2020-03-24 01:44:16.266,50,FR,Female
2020-02-03 01:37:49.685,50,FR,Female
2020-03-19 00:44:10.688,50,FR,Female
2020-08-15 13:42:55.751,50,FR,Female
2020-02-16 01:26:32.539,43,PL,Female
2020-10-20 14:41:03.110,21,US,Male
2020-08-24 23:37:39.056,19,CZ,Male
2020-09-11 21:01:15.777,19,CZ,Male
2020-10-02 06:06:06.362,19,CZ,Male
2020-03-10 18:34:17.812,19,CZ,Male
2020-08-27 12:48:34.702,38,FI,Female
2020-05-12 01:10:33.759,42,CN,Female
2020-06-16 03:22:33.076,48,BR,Male
2020-07-26 13:27:50.189,27,GR,Male
2020-02-25 19:24:07.895,27,GR,Male
2020-05-08 20:54:20.083,37,BR,Female
2020-10-09 05:52:29.442,37,PK,Male
2020-08-16 03:56:48.796,37,PK,Male
2020-09-09 02:35:44.563,37,PK,Male
2020-04-19 17:13:12.450,35,SI,Female
2020-07-24 07:01:56.517,37,ID,Female
2020-10-19 03:38:21.977,23,NI,Male
2020-07-14 19:08:37.109,23,NI,Male
2020-01-04 22:37:24.927,19,FI,Male
2020-03-31 03:42:37.795,19,FI,Male
2020-08-25 13:16:15.582,21,CN,Male
2020-09-24 22:49:40.850,36,US,Female
2020-05-26 09:34:30.729,25,CN,Male
2020-03-28 07:20:19.460,25,CN,Male
2020-06-17 06:49:39.324,25,CN,Male
2020-03-25 09:36:06.777,41,TH,Male
2020-09-20 16:00:24.781,25,RU,Male
2020-06-09 13:55:41.023,25,RU,Male
2020-04-14 19:34:54.091,27,BR,Female
2020-05-15 01:27:04.209,35,ID,Male
2020-06-03 20:33:21.235,36,LU,Male
2020-09-26 19:07:15.889,47,CN,Female
2020-06-08 11:03:08.543,43,US,Male
2020-04-18 04:12:03.178,24,ID,Female
2020-08-19 15:51:57.675,24,ID,Female
2020-05-16 15:52:14.654,20,CN,Female
2020-09-11 07:02:42.543,48,PK,Male
2020-01-26 13:11:00.777,48,PK,Male
2020-08-21 02:32:04.241,49,PL,Female
2020-07-16 00:32:20.649,44,ID,Female
2020-05-11 14:39:00.408,44,AO,Male
2020-07-27 00:31:16.684,48,NI,Male
2020-05-24 03:27:30.657,35,RU,Female
2020-05-17 10:35:21.413,37,NL,Female
2020-01-27 12:36:42.014,32,CU,Male
2020-07-17 13:52:49.488,32,CU,Male
2020-10-08 17:35:49.969,39,CN,Male
2020-02-22 21:25:52.395,39,CN,Male
2020-01-12 21:00:37.508,32,RU,Female
2020-07-21 10:07:50.297,22,PH,Male
2020-08-11 01:11:05.046,22,PH,Male
2020-02-05 09:35:28.691,43,CN,Male
2020-07-24 02:40:07.274,42,KE,Female
2020-03-04 05:10:19.296,40,ID,Female
2020-06-17 18:02:38.524,33,CN,Female
2020-09-09 22:55:24.658,33,CN,Female
2020-05-07 06:00:18.144,32,RU,Female
2020-05-19 22:57:40.773,48,CN,Female
2020-06-12 07:43:07.248,42,AL,Male
2020-10-17 23:17:31.559,42,AL,Male
2020-10-19 03:13:16.497,45,SN,Female
2020-10-21 04:41:58.931,49,VE,Female
2020-09-11 00:14:08.082,49,VE,Female
2020-05-07 12:37:20.219,33,PL,Male
2020-06-25 04:52:30.894,20,CZ,Male
2020-01-09 11:32:00.914,42,TH,Female
2020-06-17 11:59:27.552,21,ID,Female
2020-07-12 01:11:19.704,24,CN,Female
2020-06-05 19:38:37.039,42,RU,Male
2020-07-11 04:40:56.702,22,PT,Female
2020-07-07 05:04:24.029,43,PH,Female
2020-10-10 14:46:47.913,29,CN,Male
2020-07-26 23:34:36.702,27,CN,Female
2020-10-09 12:16:55.765,27,CN,Female
2020-07-14 02:04:59.786,26,FR,Female
2020-07-29 16:44:36.368,26,FR,Female
2020-06-28 09:25:12.922,19,PE,Female
2020-01-30 22:56:45.365,38,CN,Male
2020-01-11 00:28:42.746,38,CN,Male
2020-01-24 17:43:05.007,38,CN,Male
2020-08-29 11:51:42.452,49,JO,Male
2020-04-11 14:02:03.727,35,PH,Female
2020-09-01 17:20:15.712,29,CD,Female
2020-08-26 18:13:37.444,22,CN,Male
2020-06-05 07:41:54.995,22,CN,Male
2020-01-16 01:38:55.061,23,CO,Female
2020-04-08 06:32:32.060,46,CN,Female
2020-02-17 04:21:33.928,27,TH,Male
2020-07-20 04:05:23.617,47,CN,Female
2020-03-16 07:49:39.243,47,CN,Female
2020-06-27 06:57:23.022,40,EC,Female
2020-06-19 12:28:01.835,40,EC,Female
2020-09-05 02:41:18.805,40,EC,Female
2020-10-03 02:27:12.809,32,CN,Male
2020-01-25 11:56:42.637,32,CN,Male
2020-10-17 09:58:30.422,22,ID,Male
2020-04-24 08:01:16.820,41,KP,Male
2020-03-31 04:51:48.954,19,BD,Female
2020-05-18 23:50:57.796,23,PE,Female
2020-01-13 18:42:55.723,43,GR,Female
2020-06-09 23:38:22.712,27,SY,Female
2020-03-16 22:40:12.561,27,SY,Female
2020-09-15 15:20:39.337,32,BR,Male
2020-06-30 01:42:09.939,32,BR,Male
2020-10-06 12:49:32.503,32,BR,Male
2020-07-07 00:04:52.618,32,BR,Male
2020-03-07 05:21:13.217,48,HN,Male
2020-01-24 07:08:09.788,47,CN,Female
2020-08-13 01:39:24.189,49,CN,Female
2020-06-02 08:14:43.981,49,CN,Female
2020-04-18 16:02:35.798,27,ID,Female
2020-09-09 13:26:09.779,35,JP,Female
2020-05-06 05:05:29.513,22,FR,Male
2020-07-19 16:22:32.549,22,FR,Male
2020-06-08 01:18:25.500,18,TH,Male
2020-06-16 23:42:44.875,18,TH,Male
2020-06-30 19:30:11.175,18,TH,Male
2020-06-15 16:32:22.230,27,PE,Male
2020-01-26 12:59:03.591,27,PE,Male
2020-05-23 13:33:08.489,27,PE,Male
2020-08-09 21:05:56.210,35,TD,Female
2020-02-13 17:47:26.453,32,FR,Female
2020-04-16 18:01:55.853,37,CU,Female
2020-09-07 01:41:12.920,29,ID,Female
2020-10-11 23:15:04.421,29,ID,Female
2020-03-27 01:52:10.120,31,CN,Male
2020-07-06 09:04:57.293,18,CN,Female
2020-05-20 22:49:56.086,40,FR,Female
2020-04-21 23:48:06.617,42,PH,Female
2020-05-16 05:20:16.947,22,SE,Male
2020-05-16 20:39:14.771,50,GR,Male
2020-01-08 03:12:28.519,50,GR,Male
2020-03-09 16:13:47.199,43,CN,Female
2020-02-19 20:27:12.937,34,AR,Female
2020-03-30 14:42:39.375,24,RU,Male
2020-09-05 10:23:55.165,24,RU,Male
2020-04-05 08:29:33.721,45,CN,Female
2020-09-25 08:05:33.422,45,CN,Female
2020-10-21 00:16:02.758,18,ID,Male
2020-10-17 08:21:24.559,18,ID,Male
2020-03-22 19:32:21.797,34,DE,Female
2020-03-09 04:26:05.891,34,DE,Female
2020-07-29 12:43:46.211,39,PL,Female
2020-09-07 18:33:52.490,45,FR,Male
2020-03-09 10:52:09.692,18,MT,Male
2020-01-02 20:20:45.904,39,TD,Female
2020-06-25 10:52:35.376,39,SV,Male
2020-09-02 05:11:00.479,39,SV,Male
2020-06-29 12:44:00.140,39,SV,Male
2020-02-04 12:07:42.727,39,SV,Male
2020-04-23 23:48:12.770,39,SV,Male
2020-08-31 11:48:47.718,39,PH,Male
2020-06-06 05:22:36.808,39,PH,Male
2020-07-27 15:01:57.184,34,ID,Female
2020-07-20 09:12:28.175,31,PA,Female
2020-09-16 05:28:06.763,31,PA,Female
2020-07-16 05:39:37.414,42,RU,Female
2020-03-16 13:25:17.122,20,US,Male
2020-02-15 00:57:20.133,45,CN,Female
2020-07-24 06:21:42.914,28,CA,Male
2020-09-25 08:01:39.557,39,US,Female
2020-02-12 07:30:36.848,43,ID,Female
2020-05-13 06:39:34.014,43,ID,Female
2020-06-30 23:41:38.714,24,FR,Male
2020-10-03 16:01:12.925,23,BF,Male
2020-09-26 16:46:42.901,23,BF,Male
2020-10-19 03:40:42.536,44,CN,Male
2020-08-30 00:06:10.804,44,CN,Male
2020-02-12 05:48:52.336,30,US,Male
2020-07-08 05:35:23.827,33,CN,Female
2020-08-15 02:06:51.727,42,HU,Female
2020-08-08 06:29:45.793,42,HU,Female
2020-02-06 23:11:53.909,42,HU,Female
2020-08-19 22:04:37.763,31,PH,Female
2020-04-08 01:09:37.085,31,PH,Female
2020-07-28 20:21:57.696,26,CN,Male
2020-03-04 15:12:06.862,26,CN,Male
2020-04-23 05:49:11.408,26,CN,Male
2020-04-11 09:17:29.369,26,CN,Male
2020-08-30 22:54:06.406,21,CN,Female
2020-03-30 20:36:56.157,45,CN,Male
2020-03-13 03:56:25.654,50,JP,Female
2020-02-02 08:35:07.551,50,PL,Female
2020-04-24 00:57:53.897,50,PL,Female
2020-05-26 23:43:53.185,50,PL,Female
2020-09-13 12:41:11.962,30,ID,Female
2020-09-26 05:11:21.343,30,ID,Female
2020-10-10 05:05:35.157,30,ID,Female
2020-07-02 10:36:07.433,31,CA,Male
2020-04-24 14:37:41.656,31,CA,Male
2020-06-06 12:10:25.299,22,PT,Male
2020-07-17 13:31:55.874,41,EE,Female
2020-01-22 22:26:03.710,19,CN,Male
2020-07-08 19:05:23.697,19,CN,Male
2020-08-24 01:01:22.974,19,CN,Male
2020-09-29 03:03:52.160,19,GR,Female
2020-07-06 03:05:43.025,19,GR,Female
2020-03-19 23:58:56.619,39,IE,Female
2020-04-26 13:59:41.634,34,CN,Female
2020-02-17 09:27:16.289,34,CN,Female
2020-08-10 08:24:58.386,29,PH,Male
2020-04-12 13:44:06.452,34,ID,Male
2020-07-04 21:24:09.354,34,ID,Male
2020-08-06 14:07:19.543,34,ID,Male
2020-10-01 12:15:46.888,34,ID,Male
2020-03-27 21:48:13.750,35,CN,Male
2020-03-04 01:43:05.591,35,CN,Male
2020-10-24 20:58:14.507,50,CN,Female
2020-06-05 02:40:51.048,23,UA,Male
2020-04-04 21:05:44.361,34,CN,Male
2020-07-20 22:53:51.195,32,GR,Male
2020-07-02 21:16:42.431,48,RU,Male
2020-10-02 10:55:38.471,41,ID,Female
2020-03-08 19:58:16.695,29,TH,Male
2020-08-12 16:03:47.688,50,IE,Male
2020-09-30 06:55:39.960,50,IE,Male
2020-06-05 18:13:29.392,21,LS,Male
2020-03-26 18:02:22.458,21,LS,Male
2020-03-05 17:24:48.287,21,LS,Male
2020-01-31 21:29:56.332,48,GR,Female
2020-03-10 11:49:16.844,23,DO,Female
2020-01-04 00:28:38.190,40,UA,Female
2020-07-24 16:08:55.956,40,UA,Female
2020-04-05 02:36:19.713,37,PA,Female
2020-04-26 11:51:08.522,37,PA,Female
2020-07-31 05:29:21.319,37,PA,Female
2020-01-04 23:22:10.555,25,ID,Female
2020-10-06 01:21:43.030,25,ID,Female
2020-06-01 17:21:56.517,31,PH,Female
2020-01-31 06:27:50.939,40,BS,Male
2020-09-03 12:12:48.479,46,CO,Female
2020-06-26 13:05:39.914,47,CN,Female
2020-09-22 04:56:15.198,24,SE,Male
2020-01-06 08:32:16.318,46,BR,Female
2020-06-25 23:41:53.582,49,BR,Female
2020-07-12 20:19:39.196,44,FR,Female
2020-01-07 02:06:50.933,46,AR,Male
2020-10-27 19:50:33.847,27,CN,Female
2020-02-15 04:03:57.631,27,CN,Female
2020-05-10 08:45:07.524,41,CG,Female
2020-07-01 15:07:06.553,41,CG,Female
2020-02-28 04:33:57.676,43,SO,Female
2020-06-20 09:50:59.636,45,UA,Male
2020-10-26 20:58:14.319,45,UA,Male
2020-01-18 15:55:09.886,45,UA,Male
2020-05-17 07:42:43.120,32,ID,Male
2020-04-19 17:50:03.567,24,PH,Male
2020-06-11 12:06:46.743,24,PH,Male
2020-07-06 09:42:50.250,29,SY,Female
2020-03-10 23:46:31.854,29,SY,Female
2020-01-15 21:14:06.351,29,SY,Female
2020-02-28 14:54:59.030,29,SY,Female
2020-02-16 16:24:15.330,30,CN,Female
2020-03-18 13:24:07.154,30,CN,Female
2020-04-13 11:29:43.673,30,CN,Female
2020-09-11 00:11:13.805,30,CN,Female
2020-08-04 04:19:44.168,25,PL,Male
2020-01-13 18:00:55.916,25,PL,Male
2020-08-20 16:35:53.225,33,PE,Female
2020-06-07 06:10:05.751,24,UA,Female
2020-09-22 21:22:55.363,24,UA,Female
2020-06-04 02:58:04.957,39,ID,Female
2020-05-08 05:02:28.607,25,PH,Female
2020-02-04 10:59:11.289,47,BR,Female
2020-09-03 05:49:08.535,31,UA,Female
2020-07-18 16:28:56.726,22,CN,Female
2020-03-28 03:29:05.268,38,CN,Male
2020-07-30 12:19:01.754,38,CN,Male
2020-02-09 03:27:56.772,39,BR,Male
2020-10-22 13:24:18.802,39,BR,Male
2020-03-14 06:58:57.147,39,BR,Male
2020-02-23 01:13:23.846,34,AR,Female
2020-03-29 18:37:13.185,27,PL,Male
2020-08-21 08:49:55.809,40,ID,Female
2020-09-11 14:44:33.029,40,ID,Female
2020-02-27 21:50:42.987,40,ID,Female
2020-05-24 04:21:23.494,30,BR,Female
2020-10-08 12:14:59.740,30,BR,Female
2020-08-01 20:21:11.882,30,BR,Female
2020-06-22 23:46:06.380,20,SY,Male
2020-05-08 14:29:52.536,50,BO,Male
2020-03-13 21:21:46.071,50,BO,Male
2020-08-07 04:53:51.291,32,CN,Female
2020-04-02 08:47:40.104,32,CN,Female
2020-01-24 11:53:46.073,36,SE,Male
2020-03-03 16:42:49.286,36,CZ,Male
2020-04-18 05:58:18.768,39,ID,Male
2020-01-09 17:32:00.528,34,ID,Female
2020-05-23 17:07:42.584,27,LB,Male
2020-02-11 03:59:23.903,36,PL,Male
2020-08-07 06:25:34.419,30,FR,Male
2020-09-19 06:13:59.180,45,SE,Female
2020-01-14 19:48:14.331,49,MK,Male
2020-02-07 23:37:04.752,28,HN,Female
2020-09-09 23:43:47.835,28,HN,Female
2020-09-01 15:29:48.286,28,HN,Female
2020-08-30 07:38:56.344,24,CN,Male
2020-10-04 21:19:18.927,41,GR,Female
2020-04-01 13:07:09.641,40,PT,Female
2020-09-27 18:00:53.962,45,ID,Female
2020-09-19 06:40:30.111,45,ID,Female
2020-05-24 04:00:08.524,35,CN,Male
2020-04-09 04:34:51.897,42,RU,Female
2020-09-04 14:14:11.309,45,GH,Male
2020-04-03 17:38:41.535,32,FR,Male
2020-02-16 10:48:01.670,22,RU,Female
2020-01-04 10:08:24.082,42,KM,Male
2020-03-31 17:07:57.324,25,PH,Male
2020-02-24 09:15:08.555,25,PH,Male
2020-03-16 16:11:07.238,41,CZ,Female
2020-05-21 17:29:14.594,41,CZ,Female
2020-07-17 16:36:14.490,37,BR,Male
2020-04-28 04:08:29.482,38,FR,Male
2020-10-18 12:30:06.041,28,ID,Male
2020-07-17 20:32:11.745,28,ID,Male
2020-06-28 06:08:07.402,28,CN,Male
2020-08-04 23:08:56.215,33,GR,Male
2020-01-27 09:14:46.330,33,GR,Male
2020-03-27 12:26:50.563,18,RU,Male
2020-01-11 06:27:50.880,44,ID,Male
2020-02-23 04:37:59.579,44,ID,Male
2020-01-26 13:19:35.769,36,SE,Male
2020-05-03 19:11:17.918,31,RU,Male
2020-07-02 11:40:12.885,31,RU,Male
2020-06-04 15:18:15.682,28,PT,Male
2020-04-21 05:03:24.079,28,PT,Male
2020-07-11 10:57:20.427,31,MN,Female
2020-09-04 23:48:54.850,31,MN,Female
2020-03-28 01:11:48.290,39,PL,Male
2020-02-24 12:41:30.478,19,PT,Male
2020-10-01 17:10:44.540,19,PT,Male
2020-07-24 17:27:22.114,29,CN,Male
2020-07-05 00:19:05.759,29,CN,Male
2020-07-04 04:30:49.321,35,FR,Male
2020-08-03 11:46:16.802,35,FR,Male
2020-05-06 16:20:29.629,43,CN,Female
2020-09-14 21:19:40.888,29,DK,Female
2020-07-06 05:03:53.396,39,ID,Male
2020-04-08 14:28:06.068,39,ID,Male
2020-08-26 01:20:32.167,39,ID,Male
2020-05-09 20:34:42.997,24,ID,Female
2020-09-13 18:50:24.637,24,ID,Female
2020-09-04 16:36:30.481,21,CN,Female
2020-02-20 21:53:36.091,21,CN,Female
2020-05-30 04:16:18.258,22,CN,Male
2020-08-06 03:47:15.382,47,KZ,Female
2020-06-07 09:54:24.911,37,RU,Female
2020-01-22 20:03:15.662,37,RU,Female
2020-01-06 11:43:44.646,28,US,Male
2020-04-26 19:53:56.779,21,TD,Female
2020-10-18 18:16:08.815,21,TD,Female
2020-09-27 02:12:06.759,19,PL,Male
2020-02-12 09:11:51.723,24,ID,Male
2020-02-02 18:35:43.799,24,ID,Male
2020-03-31 16:01:41.710,49,CR,Female
2020-10-22 08:39:31.418,49,CR,Female
2020-08-29 04:18:24.437,47,CN,Female
2020-09-24 01:07:01.239,28,CN,Male
2020-06-05 12:28:31.929,28,CN,Male
2020-09-03 14:07:24.754,23,FR,Male
2020-08-31 00:24:30.821,50,BR,Male
2020-03-07 15:20:27.794,22,CN,Female
2020-04-29 17:23:15.963,22,CN,Female
2020-07-29 17:14:47.447,23,CN,Female
2020-04-14 17:15:43.142,23,CN,Female
2020-09-10 13:28:07.360,23,CN,Female
2020-10-23 08:35:35.457,32,IR,Male
2020-08-12 19:55:31.572,48,JP,Male
2020-10-17 02:22:42.721,48,JP,Male
2020-05-22 05:30:21.703,46,FR,Male
2020-02-11 04:27:12.871,46,FR,Male
2020-04-23 05:28:40.452,46,FR,Male
2020-06-23 21:02:22.260,22,JP,Male
2020-09-14 07:51:41.356,32,RU,Male
2020-07-18 07:04:37.138,26,TH,Female
2020-08-22 22:34:31.269,47,CN,Female
2020-02-12 01:47:29.890,21,AR,Female
2020-04-14 12:32:30.664,21,AR,Female
2020-05-01 13:52:18.910,21,AR,Female
2020-10-09 19:20:35.450,45,KP,Female
2020-02-15 04:15:55.242,20,PE,Female
2020-02-20 17:35:20.786,20,PE,Female
2020-03-01 16:45:15.221,20,ID,Male
2020-03-23 03:15:35.853,20,ID,Male
2020-08-14 13:11:48.942,45,CN,Male
2020-09-24 09:34:15.003,27,BR,Female
2020-05-30 15:56:52.604,27,BR,Female
2020-10-08 18:06:11.907,22,PL,Male
2020-02-19 03:03:32.385,22,PL,Male
2020-09-08 14:16:18.516,40,UG,Female
2020-06-02 05:27:25.861,44,CN,Male
2020-05-31 14:01:17.236,29,ID,Male
2020-01-21 20:43:42.285,32,RU,Female
2020-08-21 20:38:07.273,32,RU,Female
2020-10-14 06:10:12.556,21,VN,Male
2020-01-07 04:17:08.426,21,VN,Male
2020-09-10 15:57:47.718,21,VN,Male
2020-02-15 10:10:00.039,37,RU,Male
2020-08-01 21:31:24.779,19,CN,Male
2020-04-24 23:55:29.870,45,CN,Female
2020-04-21 03:48:28.723,45,CN,Female
2020-06-27 06:31:52.119,34,RU,Female
2020-02-13 16:41:43.292,37,GR,Male
2020-04-30 08:00:38.850,30,FR,Male
2020-05-13 02:33:49.108,46,SE,Female
2020-05-25 07:38:19.000,46,SE,Female
2020-06-17 17:39:51.878,46,SE,Female
2020-01-16 16:37:12.862,43,AR,Female
2020-08-09 04:15:18.569,40,HR,Male
2020-06-14 06:29:08.505,40,HR,Male
2020-10-15 11:23:41.276,40,HR,Male
2020-02-22 12:17:35.873,40,HR,Male
2020-09-23 01:39:20.232,36,ID,Female
2020-03-04 09:38:21.102,36,ID,Female
2020-06-18 13:43:23.575,41,PT,Female
2020-10-10 23:49:42.848,41,PT,Female
2020-02-15 11:42:52.011,36,CN,Female
2020-04-06 23:57:36.811,36,CN,Female
2020-04-20 21:24:37.166,27,SE,Female
2020-10-25 22:00:29.365,43,CN,Female
2020-02-17 00:18:50.362,23,CN,Male
2020-08-15 19:00:31.710,50,ID,Male
2020-03-11 11:48:58.656,50,ID,Male
2020-07-27 06:15:21.087,45,CO,Male
2020-10-07 09:05:55.771,45,CO,Male
2020-01-28 06:47:49.264,29,CN,Male
2020-06-03 10:57:39.262,43,JP,Male
2020-02-09 10:25:59.308,43,JP,Male
2020-07-22 11:35:23.708,18,AR,Female
2020-09-12 15:26:53.682,35,PL,Male
2020-10-05 21:06:25.728,36,RU,Female
2020-10-25 07:02:59.329,36,RU,Female
2020-09-15 14:51:04.217,22,CA,Male
2020-03-07 04:53:59.202,31,CF,Female
2020-09-02 10:22:55.734,35,KH,Female
2020-02-04 23:33:40.455,36,CN,Female
2020-08-06 05:51:27.015,36,CN,Female
2020-03-10 17:14:19.666,36,CN,Female
2020-04-20 21:18:05.596,36,CN,Female
2020-06-01 18:32:04.830,24,TW,Female
2020-02-07 17:17:56.866,30,VE,Male
2020-07-11 02:16:46.103,36,FR,Male
2020-05-24 18:59:37.503,36,FR,Male
2020-02-17 10:50:49.903,49,ID,Female
2020-08-11 23:45:49.067,49,ID,Female
2020-07-02 05:04:21.157,50,TZ,Female
2020-10-12 01:44:33.684,43,RS,Male
2020-07-10 09:10:56.263,43,RS,Male
2020-08-13 07:55:35.228,43,RS,Male
2020-04-07 01:32:10.163,49,RU,Male
2020-06-05 12:35:39.174,43,ID,Male
2020-05-04 07:27:49.875,29,CN,Male
2020-10-12 17:38:58.748,29,CN,Male
2020-03-29 03:33:39.854,29,CN,Male
2020-03-12 05:48:03.658,18,CN,Male
2020-04-30 15:14:48.083,32,PH,Male
2020-01-31 07:45:33.132,29,PH,Male
2020-04-08 00:29:25.666,38,RU,Male
2020-08-15 03:18:46.246,38,RU,Male
2020-01-18 17:20:04.189,46,RU,Male
2020-05-01 17:18:11.524,19,FR,Female
2020-01-05 12:35:20.063,30,NG,Female
2020-09-04 19:57:37.845,30,NG,Female
2020-05-30 12:15:06.703,38,MN,Male
2020-10-09 03:07:25.277,28,PL,Female
2020-01-15 13:01:04.426,28,PL,Female
2020-02-20 05:21:24.812,28,PL,Female
2020-01-17 09:06:26.941,35,CO,Female
2020-03-11 13:23:46.363,35,CO,Female
2020-07-30 17:39:27.066,23,SE,Male
2020-05-24 05:22:57.704,29,ID,Male
2020-06-03 14:15:59.918,29,ID,Male
2020-01-12 15:05:53.134,29,ID,Male
2020-08-03 09:03:36.836,31,PH,Male
2020-03-05 02:07:13.650,47,CN,Male
2020-05-21 21:39:57.590,18,FR,Female
2020-01-09 01:36:56.402,36,PH,Female
2020-08-03 05:26:14.550,38,PT,Female
2020-02-17 07:59:20.886,44,FR,Male
2020-09-18 22:26:08.887,44,FR,Male
2020-07-10 10:35:07.557,40,GB,Female
2020-05-09 05:21:13.435,40,GB,Female
2020-01-01 00:06:57.093,50,ID,Male
2020-10-01 06:51:05.097,50,ID,Male
2020-03-28 04:58:52.762,50,ID,Male
2020-03-21 08:49:26.313,50,ID,Male
2020-07-30 14:26:44.761,20,RU,Male
2020-09-18 12:13:21.803,40,CN,Female
2020-09-05 09:45:37.503,40,CN,Female
2020-01-28 06:06:09.234,47,PT,Female
2020-07-27 18:03:49.900,47,PT,Female
2020-05-16 05:18:19.524,30,CN,Female
2020-06-02 22:17:51.425,30,CN,Female
2020-03-23 02:04:53.272,48,BO,Male
2020-04-14 07:34:27.598,36,CN,Male
2020-01-09 03:12:35.052,33,CN,Female
2020-05-13 03:26:27.714,31,CN,Male
2020-01-30 18:20:50.951,32,IR,Female
2020-04-17 11:20:25.387,32,IR,Female
2020-05-07 16:30:22.644,44,UA,Female
2020-05-18 17:53:28.553,25,US,Female
2020-03-06 08:10:28.431,25,US,Female
2020-06-13 22:42:27.951,26,RU,Male
2020-08-24 22:04:53.942,23,SE,Female
2020-05-14 19:32:40.461,23,SE,Female
2020-07-13 02:15:04.369,43,CN,Male
2020-04-26 11:34:19.177,31,ET,Female
2020-10-20 13:49:38.655,32,BR,Male
2020-05-08 00:53:45.174,32,BR,Male
2020-03-01 04:43:42.238,24,PH,Female
2020-01-26 09:48:57.916,27,TH,Male
2020-02-14 23:02:12.355,48,FR,Female
2020-01-16 08:44:54.675,34,PL,Female
2020-09-21 00:47:22.366,35,CA,Male
2020-01-25 15:23:55.922,35,CA,Male
